	consensus_base	reference_chromosome	reference_position
0	G	chr7	147526773
1	T	chr7	147526774
2	T	chr7	147526775
3	T	chr7	147526776
4	G	chr7	147526777
5	T	chr7	147526778
6	A	chr7	147526779
7	G	chr7	147526780
8	G	chr7	147526781
9	C	chr7	147526782
10	C	chr7	147526784
11	T	chr7	147526785
12	A	chr7	147526786
13	G	chr7	147526787
14	A	chr7	147526791
15	G	chr7	147526792
16	G	chr7	147526793
17	A	chr7	147526794
18	T	chr7	147526796
19	G	chr7	147526798
20	G	chr7	147526799
21	G	chr7	147526800
22	T	chr7	147526802
23	G	chr7	147526803
24	G	chr7	147526804
25	G	chr7	147526805
26	T	chr7	147526807
27	G	chr7	147571616
28	G	chr7	147571617
29	C	chr7	147571618
30	C	chr7	147571620
31	T	chr7	147571622
32	G	chr7	147571623
33	T	chr7	147571624
34	G	chr7	147571625
35	G	chr7	147571627
36	G	chr7	147571630
37	G	chr7	147571633
38	G	chr7	147571638
39	A	chr7	147571651
40	C	chr7	147571732
41	C	chr7	147571733
42	A	chr7	147571734
43	A	chr7	147571736
44	A	chr7	147571737
45	T	chr7	147571738
46	T	chr7	147571739
47	G	chr7	147571740
48	C	chr7	147571741
49	A	chr7	147571742
50	C	chr7	147571743
51	T	chr7	147571744
52	G	chr7	147571745
53	T	chr7	147571746
54	C	chr7	147571747
55	G	chr7	147571748
56	T	chr7	147571749
57	C	chr7	147571750
58	A	chr7	147571751
59	A	chr7	147571752
60	C	chr7	147571753
61	A	chr7	147571754
62	T	chr7	147571755
63	A	chr7	147571756
64	T	chr7	147571757
65	A	chr7	147571758
66	C	chr7	147571759
67	A	chr7	147571760
68	A	chr7	147571761
69	C	chr7	147571762
70	T	chr7	147571763
71	G	chr7	147571764
72	G	chr7	147571765
73	A	chr7	147571766
74	T	chr7	147571767
75	A	chr7	147571768
76	C	chr7	147571769
77	A	chr7	147571770
78	C	chr7	147571771
79	T	chr7	147571772
80	G	chr7	147571773
81	T	chr7	147571774
82	C	chr7	147571775
83	C	chr7	147571776
84	C	chr7	147571777
85	T	chr7	147571778
86	C	chr7	147571779
87	G	chr7	147571780
88	T	chr7	147571781
89	A	chr7	147571782
90	T	chr7	147571783
91	A	chr7	147571784
92	C	chr7	147571785
93	C	chr7	147571786
94	T	chr7	147571787
95	G	chr7	147571788
96	A	chr7	147571789
97	T	chr7	147571790
98	T	chr7	147571804
99	T	chr7	147571807
100	T	chr7	147571808
101	T	chr7	147571809
102	C	chr7	147571812
103	A	chr7	147571814
104	T	chr7	147571815
105	T	chr7	147571816
106	C	chr7	147571817
107	A	chr7	147571818
108	A	chr7	147571819
109	A	chr7	147571820
110	T	chr7	147571821
111	A	chr7	147571822
112	T	chr7	147571823
113	A	chr7	147571824
114	C	chr7	147571825
115	A	chr7	147571826
116	T	chr7	147571827
117	T	chr7	147571828
118	T	chr7	147571829
119	A	chr7	147571830
120	A	chr7	147571831
121	T	chr7	147571832
122	T	chr7	147571833
123	C	chr7	147571834
124	T	chr7	147571835
125	A	chr7	147571836
126	C	chr7	147571837
127	A	chr7	147571838
128	T	chr7	147571839
129	G	chr7	147571840
130	G	chr7	147571841
131	T	chr7	147571842
132	C	chr7	147571843
133	A	chr7	147571844
134	T	chr7	147571845
135	A	chr7	147571846
136	T	chr7	147571847
137	G	chr7	147571848
138	T	chr7	147571849
139	T	chr7	147571850
140	A	chr7	147571851
141	T	chr7	147571852
142	A	chr7	147571853
143	C	chr7	147571854
144	C	chr7	147571855
145	C	chr7	147571856
146	A	chr7	147571857
147	C	chr7	147571858
148	T	chr7	147571859
149	A	chr7	147571860
150	C	chr7	147571861
151	A	chr7	147571862
152	T	chr7	147571863
153	C	chr7	147571864
154	T	chr7	147571865
155	C	chr7	147571866
156	C	chr7	147571867
157	C	chr7	147571868
158	T	chr7	147571869
159	C	chr7	147571870
160	C	chr7	147571871
161	T	chr7	147571872
162	G	chr7	147571873
163	A	chr7	147571874
164	G	chr7	147571875
165	G	chr7	147571876
166	A	chr7	147571877
167	A	chr7	147571878
168	G	chr7	147571879
169	G	chr7	147571880
170	C	chr7	147571881
171	T	chr7	147571882
172	A	chr7	147571934
173	T	chr7	147571936
174	A	chr7	147571982
175	A	chr7	147571983
176	G	chr7	147571984
177	T	chr7	147571985
178	T	chr7	147571986
179	A	chr7	147571987
180	A	chr7	147571988
181	C	chr7	147571989
182	T	chr7	147571990
183	T	chr7	147571991
184	T	chr7	147571992
185	C	chr7	147571993
186	T	chr7	147571994
187	G	chr7	147571995
188	A	chr7	147571996
189	G	chr7	147571997
190	T	chr7	147571998
191	T	chr7	147571999
192	G	chr7	147572000
193	C	chr7	147572001
194	A	chr7	147572002
195	A	chr7	147572003
196	C	chr7	147572004
197	A	chr7	147572005
198	C	chr7	147572006
199	C	chr7	147572007
200	T	chr7	147572008
201	A	chr7	147572009
202	T	chr7	147572010
203	A	chr7	147572011
204	C	chr7	147572012
205	C	chr7	147572013
206	C	chr7	147572014
207	C	chr7	147572015
208	A	chr7	147572016
209	G	chr7	147572017
210	A	chr7	147572018
211	T	chr7	147572019
212	T	chr7	147572020
213	C	chr7	147572021
214	C	chr7	147572022
215	A	chr7	147572023
216	G	chr7	147572024
217	T	chr7	147572025
218	A	chr7	147572026
219	G	chr7	147572027
220	A	chr7	147572028
221	C	chr7	147572029
222	T	chr7	147572030
223	G	chr7	147572031
224	G	chr7	147572032
225	A	chr7	147572033
226	T	chr7	147572034
227	T	chr7	147572035
228	T	chr7	147572036
229	T	chr7	147572037
230	G	chr7	147572038
231	A	chr7	147572039
232	A	chr7	147572040
233	C	chr7	147572041
234	T	chr7	147572042
235	C	chr7	147572043
236	A	chr7	147572044
237	A	chr7	147572045
238	A	chr7	147572046
239	G	chr7	147572047
240	T	chr7	147572106
241	C	chr7	147572108
242	T	chr7	147572109
243	T	chr7	147572110
244	C	chr7	147572111
245	C	chr7	147572112
246	G	chr7	147572113
247	T	chr7	147572114
248	T	chr7	147572115
249	T	chr7	147572116
250	T	chr7	147572117
251	T	chr7	147572118
252	C	chr7	147572119
253	A	chr7	147572120
254	C	chr7	147572121
255	G	chr7	147572122
256	A	chr7	147572123
257	T	chr7	147572124
258	G	chr7	147572125
259	A	chr7	147572126
260	C	chr7	147572127
261	A	chr7	147572128
262	A	chr7	147572129
263	C	chr7	147572130
264	A	chr7	147572131
265	T	chr7	147572132
266	C	chr7	147572133
267	T	chr7	147572134
268	G	chr7	147572135
269	T	chr7	147572136
270	T	chr7	147572137
271	C	chr7	147572138
272	C	chr7	147572139
273	C	chr7	147572140
274	A	chr7	147572141
275	T	chr7	147572142
276	G	chr7	147572143
277	T	chr7	147572144
278	G	chr7	147572145
279	C	chr7	147572146
280	T	chr7	147572147
281	G	chr7	147625065
282	A	chr7	147625081
283	G	chr7	147625082
284	C	chr7	147625083
285	G	chr7	147625086
286	C	chr7	147967448
287	C	chr7	147967449
288	C	chr7	147967450
289	C	chr7	147967456
290	C	chr7	147967458
291	C	chr7	147967460
292	C	chr7	147993954
293	G	chr7	147993959
294	T	chr7	147993961
295	C	chr7	147993965
296	C	chr7	147995631
297	A	chr7	147995632
298	C	chr7	147995633
299	A	chr7	147995634
300	T	chr7	147995635
301	T	chr7	147995636
302	C	chr7	147995637
303	A	chr7	147995638
304	T	chr7	147995639
305	T	chr7	147995640
306	A	chr7	147995641
307	A	chr7	147995643
308	T	chr7	147995644
309	G	chr7	147995645
310	A	chr7	147995647
311	T	chr7	147995648
312	A	chr7	147995649
313	A	chr7	147995650
314	A	chr7	147995652
315	T	chr7	147995653
316	A	chr7	147995654
317	T	chr7	147995655
318	T	chr7	147995656
319	C	chr7	147995657
320	A	chr7	147995658
321	G	chr7	147995659
322	A	chr7	147995661
323	T	chr7	147995662
324	G	chr7	147995663
325	A	chr7	147995675
326	A	chr7	147995676
327	A	chr7	147995679
328	A	chr7	147995680
329	T	chr7	147995681
330	G	chr7	147995682
331	T	chr7	147995683
332	T	chr7	147995685
333	G	chr7	147995686
334	A	chr7	147995687
335	T	chr7	147995688
336	A	chr7	147995689
337	T	chr7	147995690
338	C	chr7	147995691
339	T	chr7	147995692
340	G	chr7	147995693
341	A	chr7	147995694
342	A	chr7	147995695
343	T	chr7	147995696
344	A	chr7	147995697
345	A	chr7	147995698
346	A	chr7	147995699
347	C	chr7	147995701
348	T	chr7	147995702
349	G	chr7	147995703
350	T	chr7	147995704
351	T	chr7	147995705
352	G	chr7	147995706
353	C	chr7	147995707
354	C	chr7	147995708
355	A	chr7	147995709
356	C	chr7	147995710
357	A	chr7	147995711
358	G	chr7	147995712
359	G	chr7	147995713
360	A	chr7	147995714
361	C	chr7	147995715
362	A	chr7	147995716
363	G	chr7	147995717
364	G	chr7	147995718
365	A	chr7	147995719
366	G	chr7	147995720
367	A	chr7	147995721
368	A	chr7	147995722
369	A	chr7	147995723
370	T	chr7	147995724
371	G	chr7	147995725
372	A	chr7	147995726
373	C	chr7	147995727
374	T	chr7	147995728
375	A	chr7	147995729
376	A	chr7	147995730
377	T	chr7	147995731
378	C	chr7	147995732
379	A	chr7	147995733
380	G	chr7	147995734
381	T	chr7	147995735
382	T	chr7	147995736
383	G	chr7	147995737
384	C	chr7	147995739
385	A	chr7	147995740
386	G	chr7	147995741
387	C	chr7	147995742
388	C	chr7	147995743
389	A	chr7	147995744
390	G	chr7	147995745
391	C	chr7	147995746
392	A	chr7	147995747
393	A	chr7	147995748
394	A	chr7	147995751
395	A	chr7	147995752
396	A	chr7	147995753
397	T	chr7	147995754
398	A	chr7	147995755
399	G	chr7	147995756
400	C	chr7	147995757
401	A	chr7	147995758
402	G	chr7	147995759
403	T	chr7	147995761
404	G	chr7	147995762
405	A	chr7	147995763
406	T	chr7	147995764
407	A	chr7	147995765
408	G	chr7	147995766
409	C	chr7	147995767
410	T	chr7	147995768
411	G	chr7	147995769
412	T	chr7	147995770
413	G	chr7	147995771
414	T	chr7	147995772
415	G	chr7	147995773
416	C	chr7	147995774
417	A	chr7	147995776
418	T	chr7	147995777
419	C	chr7	147995778
420	C	chr7	147995779
421	A	chr7	147995780
422	T	chr7	147995782
423	C	chr7	147995783
424	C	chr7	147995784
425	A	chr7	147995785
426	G	chr7	147995786
427	A	chr7	147995787
428	T	chr7	147995788
429	T	chr7	147995789
430	T	chr7	147995790
431	G	chr7	147995791
432	A	chr7	147995792
433	T	chr7	147995793
434	A	chr7	147995794
435	C	chr7	147995795
436	C	chr7	147995796
437	C	chr7	147995797
438	T	chr7	147995798
439	C	chr7	147995799
440	T	chr7	147995800
441	T	chr7	147995801
442	C	chr7	147995802
443	T	chr7	147995803
444	G	chr7	147995804
445	G	chr7	147995805
446	T	chr7	147995806
447	C	chr7	147995807
448	T	chr7	147995808
449	C	chr7	147995809
450	C	chr7	147995810
451	G	chr7	147995811
452	C	chr7	147995812
453	A	chr7	147995813
454	G	chr7	147995814
455	A	chr7	147995815
456	G	chr7	147995816
457	T	chr7	147995817
458	A	chr7	147995818
459	T	chr7	147995819
460	C	chr7	147995820
461	G	chr7	147995821
462	A	chr7	147995822
463	T	chr7	147995823
464	C	chr7	147995824
465	A	chr7	147995825
466	G	chr7	147995826
467	G	chr7	147995827
468	C	chr7	147995828
469	A	chr7	147995829
470	C	chr7	147995830
471	A	chr7	147995831
472	C	chr7	147995832
473	A	chr7	147995833
474	T	chr7	147995834
475	G	chr7	147995835
476	C	chr7	147995836
477	A	chr7	147995837
478	A	chr7	147995838
479	T	chr7	147995839
480	G	chr7	147995840
481	T	chr7	147995841
482	A	chr7	147995842
483	C	chr7	147995843
484	A	chr7	147995844
485	G	chr7	147995845
486	A	chr7	147995846
487	T	chr7	147995847
488	A	chr7	147995848
489	T	chr7	147995849
490	G	chr7	147995850
491	C	chr7	147995851
492	G	chr7	147995852
493	T	chr7	147995853
494	A	chr7	147995854
495	C	chr7	147995855
496	A	chr7	147995856
497	A	chr7	147995857
498	A	chr7	147995858
499	C	chr7	147995859
500	A	chr7	147995860
501	A	chr7	147995861
502	A	chr7	147995862
503	C	chr7	147995864
504	C	chr7	147995865
505	T	chr7	147995866
506	C	chr7	147995867
507	A	chr7	147995869
508	T	chr7	147995870
509	A	chr7	147995871
510	C	chr7	147995872
511	A	chr7	147995873
512	A	chr7	147995874
513	A	chr7	147995875
514	A	chr7	147995876
515	A	chr7	147995877
516	A	chr7	147995878
517	A	chr7	147995879
518	T	chr7	147995880
519	A	chr7	147995881
520	A	chr7	147995883
521	A	chr7	147995884
522	T	chr7	147995885
523	T	chr7	147995886
524	A	chr7	147995887
525	A	chr7	147995888
526	T	chr7	147995889
527	T	chr7	147995890
528	A	chr7	147995892
529	A	chr7	147995893
530	A	chr7	147995894
531	A	chr7	147995895
532	G	chr7	147995897
533	A	chr7	147995899
534	A	chr7	147995900
535	A	chr7	147995911
536	C	chr7	147995913
537	A	chr7	147995914
538	G	chr7	147995916
539	C	chr7	147995917
540	A	chr7	147995918
541	G	chr7	147995919
542	C	chr7	147995921
543	T	chr7	147995922
544	G	chr7	147995923
545	G	chr7	147995925
546	G	chr7	147995926
547	A	chr7	147995927
548	G	chr7	147995928
549	A	chr7	147995929
550	T	chr7	147995930
551	G	chr7	147995931
552	G	chr7	147995932
553	C	chr7	147995933
554	T	chr7	147995934
555	C	chr7	147995935
556	A	chr7	147995936
557	A	chr7	147995937
558	G	chr7	147995939
559	G	chr7	147995940
560	A	chr7	147995945
561	A	chr7	147995948
562	G	chr7	147995949
563	A	chr7	147995950
564	T	chr7	147995951
565	C	chr7	147995953
566	T	chr7	147995954
567	A	chr7	147995955
568	T	chr7	147995956
569	T	chr7	147995957
570	C	chr7	147995958
571	A	chr7	147995959
572	A	chr7	147995960
573	A	chr7	147995961
574	A	chr7	147995963
575	A	chr7	147995965
576	A	chr7	147995966
577	A	chr7	147995967
578	C	chr7	147995969
579	C	chr7	147995971
580	A	chr7	147995972
581	A	chr7	147995973
582	A	chr7	147995974
583	C	chr7	147995976
584	C	chr7	147995977
585	A	chr7	147995978
586	A	chr7	147995979
587	A	chr7	147995980
588	C	chr7	147995982
589	C	chr7	147995983
590	C	chr7	147995987
591	C	chr7	147995989
592	C	chr7	147995990
593	C	chr7	147995991
594	C	chr7	147995993
595	C	chr7	147995995
596	A	chr7	147995998
597	A	chr7	147995999
598	A	chr7	147996000
599	C	chr7	147996002
600	G	chr7	147996004
601	C	chr7	147996007
602	A	chr7	147996008
603	T	chr7	147996009
604	A	chr7	147996010
605	G	chr7	147996011
606	G	chr7	147996012
607	C	chr7	147996013
608	C	chr7	147996014
609	C	chr7	147996016
610	G	chr7	147996017
611	C	chr7	147996018
612	A	chr7	147996019
613	G	chr7	147996021
614	G	chr7	147996024
615	G	chr7	147996025
616	C	chr7	147996026
617	C	chr7	147996028
618	C	chr7	147996030
619	G	chr7	147996031
620	C	chr7	147996032
621	T	chr7	147996033
622	T	chr7	147996034
623	T	chr7	147996035
624	C	chr7	147996036
625	A	chr7	147996037
626	A	chr7	147996038
627	T	chr7	147996039
628	T	chr7	147996040
629	C	chr7	147996042
630	A	chr7	147996043
631	G	chr7	147996044
632	A	chr7	147996046
633	C	chr7	147996047
634	T	chr7	147996048
635	G	chr7	147996050
636	G	chr7	147996051
637	G	chr7	147996052
638	G	chr7	147996054
639	G	chr7	147996055
640	G	chr7	147996060
641	G	chr7	147996061
642	C	chr7	147996062
643	G	chr7	147996064
644	C	chr7	147996066
645	C	chr7	147996073
646	T	chr7	147996074
647	G	chr7	147996077
648	A	chr7	147996078
649	T	chr7	147996079
650	T	chr7	147996080
651	C	chr7	147996081
652	A	chr7	147996082
653	A	chr7	147996083
654	A	chr7	147996088
655	A	chr7	147996100
656	A	chr7	147996112
657	C	chr7	147996128
658	A	chr7	147996132
659	C	chr7	147996135
660	G	chr7	147996208
661	C	chr7	147996209
662	A	chr7	147996210
663	A	chr7	147996212
664	A	chr7	147996213
665	T	chr7	147996214
666	T	chr7	147996215
667	T	chr7	147996216
668	G	chr7	147996217
669	A	chr7	147996219
670	T	chr7	147996220
671	A	chr7	147996221
672	A	chr7	147996222
673	C	chr7	147996223
674	T	chr7	147996224
675	C	chr7	147996225
676	T	chr7	147996226
677	A	chr7	147996227
678	G	chr7	147996228
679	C	chr7	147996229
680	T	chr7	147996230
681	C	chr7	147996231
682	C	chr7	147996232
683	G	chr7	147996233
684	G	chr7	147996234
685	A	chr7	147996235
686	G	chr7	147996236
687	G	chr7	147996237
688	T	chr7	147996238
689	G	chr7	147996239
690	T	chr7	147996240
691	A	chr7	147996241
692	G	chr7	147996242
693	A	chr7	147996243
694	C	chr7	147996244
695	A	chr7	147996245
696	A	chr7	147996246
697	T	chr7	147996247
698	T	chr7	147996248
699	A	chr7	147996249
700	A	chr7	147996250
701	T	chr7	147996251
702	A	chr7	147996252
703	T	chr7	147996253
704	T	chr7	147996254
705	T	chr7	147996256
706	G	chr7	147996257
707	A	chr7	147996258
708	A	chr7	147996259
709	G	chr7	147996260
710	G	chr7	147996261
711	C	chr7	147996262
712	T	chr7	147996263
713	T	chr7	147996264
714	G	chr7	147996265
715	C	chr7	147996266
716	T	chr7	147996267
717	G	chr7	147996268
718	G	chr7	147996269
719	T	chr7	147996270
720	C	chr7	147996271
721	C	chr7	147996272
722	C	chr7	147996273
723	A	chr7	147996274
724	G	chr7	147996275
725	T	chr7	147996276
726	C	chr7	147996277
727	A	chr7	147996278
728	A	chr7	147996279
729	T	chr7	147996280
730	G	chr7	147996281
731	A	chr7	147996282
732	A	chr7	147996283
733	C	chr7	147996284
734	T	chr7	147996285
735	C	chr7	147996286
736	C	chr7	147996287
737	A	chr7	147996288
738	G	chr7	147996289
739	G	chr7	147996290
740	T	chr7	147996291
741	T	chr7	147996292
742	C	chr7	147996293
743	A	chr7	147996294
744	T	chr7	147996295
745	T	chr7	147996296
746	G	chr7	147996297
747	A	chr7	147996298
748	G	chr7	147996299
749	A	chr7	147996300
750	A	chr7	147996301
751	A	chr7	147996302
752	G	chr7	147996303
753	C	chr7	147996304
754	T	chr7	147996305
755	T	chr7	147996306
756	A	chr7	147996307
757	T	chr7	147996308
758	C	chr7	147996309
759	T	chr7	147996310
760	C	chr7	147996311
761	A	chr7	147996312
762	G	chr7	147996313
763	A	chr7	147996314
764	A	chr7	147996315
765	C	chr7	147996316
766	T	chr7	147996317
767	T	chr7	147996318
768	G	chr7	147996319
769	T	chr7	147996320
770	G	chr7	147996321
771	A	chr7	147996322
772	G	chr7	147996323
773	A	chr7	147996324
774	T	chr7	147996325
775	G	chr7	147996326
776	C	chr7	147996327
777	C	chr7	147996328
778	T	chr7	147996329
779	G	chr7	147996330
780	C	chr7	147996331
781	C	chr7	147996332
782	A	chr7	147996333
783	C	chr7	147996334
784	C	chr7	147996335
785	A	chr7	147996336
786	T	chr7	147996337
787	G	chr7	147996338
788	C	chr7	147996339
789	C	chr7	147996340
790	A	chr7	147996341
791	A	chr7	147996342
792	A	chr7	147996343
793	T	chr7	147996344
794	G	chr7	147996345
795	A	chr7	147996346
796	C	chr7	147996347
797	C	chr7	147996348
798	T	chr7	147996349
799	A	chr7	147996350
800	A	chr7	147996351
801	G	chr7	147996352
802	T	chr7	147996353
803	C	chr7	147996354
804	C	chr7	147996355
805	A	chr7	147996356
806	A	chr7	147996357
807	T	chr7	147996358
808	C	chr7	147996359
809	C	chr7	147996360
810	C	chr7	147996361
811	T	chr7	147996362
812	G	chr7	147996363
813	G	chr7	147996365
814	C	chr7	147996368
815	A	chr7	147996369
816	C	chr7	147996371
817	A	chr7	147996373
818	G	chr7	147996375
819	A	chr7	147996377
820	A	chr7	147996379
821	A	chr7	147996380
822	A	chr7	147996381
823	G	chr7	147996382
824	A	chr7	147996383
825	C	chr7	147996385
826	C	chr7	147996389
827	C	chr7	147996391
828	G	chr7	147996392
829	C	chr7	147996400
830	G	chr7	147996401
831	C	chr7	147996402
832	C	chr7	147996403
833	C	chr7	147996404
834	T	chr7	147996405
835	C	chr7	147996406
836	T	chr7	147996407
837	A	chr7	147996408
838	A	chr7	147996409
839	C	chr7	147996410
840	T	chr7	147996411
841	C	chr7	147996412
842	T	chr7	147996413
843	G	chr7	147996414
844	A	chr7	147996415
845	G	chr7	147996416
846	C	chr7	147996417
847	A	chr7	147996418
848	C	chr7	147996419
849	A	chr7	147996420
850	G	chr7	147996421
851	A	chr7	147996422
852	C	chr7	147996423
853	G	chr7	147996424
854	T	chr7	147996425
855	C	chr7	147996426
856	T	chr7	147996427
857	G	chr7	147996428
858	T	chr7	147996429
859	G	chr7	147996430
860	C	chr7	147996431
861	T	chr7	147996432
862	T	chr7	147996433
863	A	chr7	147996434
864	C	chr7	147996435
865	A	chr7	147996436
866	C	chr7	147996437
867	A	chr7	147996438
868	A	chr7	147996439
869	A	chr7	147996440
870	T	chr7	147996441
871	A	chr7	147996442
872	A	chr7	147996443
873	G	chr7	147996444
874	T	chr7	147996445
875	A	chr7	147996446
876	A	chr7	147996447
877	G	chr7	147996448
878	T	chr7	147996449
879	A	chr7	147996450
880	T	chr7	147996451
881	A	chr7	147996452
882	T	chr7	147996453
883	A	chr7	147996454
884	A	chr7	147996455
885	G	chr7	147996456
886	A	chr7	147996458
887	A	chr7	147996459
888	G	chr7	147996460
889	T	chr7	147996461
890	T	chr7	147996462
891	A	chr7	147996463
892	T	chr7	147996464
893	T	chr7	147996466
894	A	chr7	147996467
895	T	chr7	147996468
896	T	chr7	147996469
897	T	chr7	147996470
898	A	chr7	147996471
899	A	chr7	147996472
900	A	chr7	147996473
901	A	chr7	147996474
902	A	chr7	147996475
903	T	chr7	147996476
904	G	chr7	147996477
905	T	chr7	147996480
906	A	chr7	147996482
907	A	chr7	147996483
908	C	chr7	147996491
909	T	chr7	147996492
910	G	chr7	147996493
911	G	chr7	147996494
912	A	chr7	147996495
913	G	chr7	147996496
914	A	chr7	147996497
915	G	chr7	147996498
916	T	chr7	147996499
917	T	chr7	147996500
918	G	chr7	147996501
919	G	chr7	147996502
920	T	chr7	147996503
921	T	chr7	147996504
922	T	chr7	147996505
923	A	chr7	147996506
924	G	chr7	147996507
925	G	chr7	147996509
926	G	chr7	147996510
927	T	chr7	147996512
928	A	chr7	147996513
929	C	chr7	147996522
930	T	chr7	147996523
931	C	chr7	147996524
932	G	chr7	147996525
933	C	chr7	147996526
934	T	chr7	147996527
935	C	chr7	147996528
936	T	chr7	147996529
937	T	chr7	147996530
938	G	chr7	147996531
939	C	chr7	147996532
940	G	chr7	147996534
941	G	chr7	147996537
942	C	chr7	147996539
943	C	chr7	147996540
944	T	chr7	147996541
945	G	chr7	147996542
946	G	chr7	147996543
947	G	chr7	147996544
948	T	chr7	147996545
949	T	chr7	147996546
950	T	chr7	147996547
951	G	chr7	147996548
952	C	chr7	147996549
953	T	chr7	147996550
954	T	chr7	147996551
955	C	chr7	147996552
956	C	chr7	147996554
957	G	chr7	147996556
958	C	chr7	147996557
959	A	chr7	147996558
960	A	chr7	147996559
961	C	chr7	147996560
962	A	chr7	147996563
963	C	chr7	147996570
964	A	chr7	147996572
965	A	chr7	147996573
966	G	chr7	147996574
967	A	chr7	147996575
968	C	chr7	147996577
969	T	chr7	147996578
970	G	chr7	147996579
971	C	chr7	147996580
972	T	chr7	147996582
973	T	chr7	147996584
974	A	chr7	147996586
975	C	chr7	147996587
976	T	chr7	147996588
977	C	chr7	147996589
978	C	chr7	147996590
979	A	chr7	147996591
980	C	chr7	147996592
981	G	chr7	147996594
982	C	chr7	147996595
983	C	chr7	147996596
984	G	chr7	147996598
985	G	chr7	147996599
986	G	chr7	147996600
987	T	chr7	147996603
988	T	chr7	147996605
989	G	chr7	147996619
990	G	chr7	147996620
991	C	chr7	147996621
992	T	chr7	147996622
993	T	chr7	147996623
994	C	chr7	147996624
995	T	chr7	147996625
996	G	chr7	147996626
997	T	chr7	147996627
998	G	chr7	147996628
999	G	chr7	147996629
1000	G	chr7	147996630
1001	C	chr7	147996631
1002	A	chr7	147996632
1003	G	chr7	147996633
1004	T	chr7	147996634
1005	G	chr7	147996635
1006	C	chr7	147996636
1007	A	chr7	147996637
1008	T	chr7	147996638
1009	G	chr7	147996639
1010	T	chr7	147996640
1011	G	chr7	147996641
1012	A	chr7	147996642
1013	T	chr7	147996643
1014	G	chr7	147996644
1015	T	chr7	147996645
1016	A	chr7	147996646
1017	C	chr7	147996647
1018	A	chr7	147996648
1019	G	chr7	147996649
1020	A	chr7	147996650
1021	C	chr7	147996651
1022	A	chr7	147996652
1023	T	chr7	147996653
1024	T	chr7	147996654
1025	C	chr7	147996655
1026	A	chr7	147996656
1027	T	chr7	147996657
1028	A	chr7	147996658
1029	C	chr7	147996659
1030	A	chr7	147996660
1031	T	chr7	147996661
1032	T	chr7	147996662
1033	A	chr7	147996663
1034	T	chr7	147996664
1035	A	chr7	147996665
1036	C	chr7	147996666
1037	A	chr7	147996667
1038	C	chr7	147996668
1039	A	chr7	147996669
1040	T	chr7	147996670
1041	A	chr7	147996671
1042	A	chr7	147996672
1043	A	chr7	147996673
1044	A	chr7	147996674
1045	A	chr7	147996675
1046	T	chr7	147996676
1047	A	chr7	147996731
1048	G	chr7	147996732
1049	A	chr7	147996733
1050	G	chr7	147996735
1051	G	chr7	147996736
1052	C	chr7	147996737
1053	T	chr7	147996738
1054	C	chr7	147996739
1055	A	chr7	147996740
1056	G	chr7	147996741
1057	C	chr7	147996742
1058	A	chr7	147996743
1059	G	chr7	147996744
1060	A	chr7	147996745
1061	T	chr7	147996746
1062	A	chr7	147996747
1063	A	chr7	147996748
1064	A	chr7	147996749
1065	G	chr7	147996750
1066	G	chr7	147996751
1067	A	chr7	147996752
1068	A	chr7	147996753
1069	C	chr7	147996754
1070	T	chr7	147996755
1071	G	chr7	147996756
1072	T	chr7	147996757
1073	G	chr7	147996758
1074	A	chr7	147996759
1075	C	chr7	147996760
1076	C	chr7	147996761
1077	T	chr7	147996762
1078	C	chr7	147996763
1079	G	chr7	147996764
1080	T	chr7	147996765
1081	G	chr7	147996766
1082	T	chr7	147996767
1083	G	chr7	147996768
1084	A	chr7	147996769
1085	C	chr7	147996770
1086	C	chr7	147996771
1087	T	chr7	147996772
1088	C	chr7	147996773
1089	C	chr7	147996774
1090	T	chr7	147996775
1091	G	chr7	147996776
1092	A	chr7	147996777
1093	G	chr7	147996778
1094	T	chr7	147996779
1095	T	chr7	147996780
1096	A	chr7	147996781
1097	G	chr7	147996782
1098	A	chr7	147996783
1099	T	chr7	147996784
1100	C	chr7	147996785
1101	C	chr7	147996786
1102	C	chr7	147996787
1103	C	chr7	147996788
1104	A	chr7	147996789
1105	A	chr7	147996790
1106	G	chr7	147996791
1107	A	chr7	147996792
1108	C	chr7	147996793
1109	C	chr7	147996794
1110	A	chr7	147996795
1111	C	chr7	147996796
1112	A	chr7	147996797
1113	T	chr7	147996798
1114	G	chr7	147996799
1115	G	chr7	147996800
1116	A	chr7	147996801
1117	A	chr7	147996802
1118	G	chr7	147996803
1119	G	chr7	147996804
1120	A	chr7	147996805
1121	T	chr7	147996806
1122	G	chr7	147996807
1123	T	chr7	147996808
1124	A	chr7	147996809
1125	A	chr7	147996810
1126	C	chr7	147996811
1127	C	chr7	147996812
1128	A	chr7	147996813
1129	A	chr7	147996814
1130	C	chr7	147996815
1131	C	chr7	147996816
1132	C	chr7	147996817
1133	C	chr7	147996818
1134	C	chr7	147996819
1135	C	chr7	147996820
1136	A	chr7	147996821
1137	A	chr7	147996822
1138	C	chr7	147996823
1139	T	chr7	147996824
1140	A	chr7	147996825
1141	T	chr7	147996826
1142	G	chr7	147996827
1143	T	chr7	147996828
1144	C	chr7	147996829
1145	A	chr7	147996830
1146	C	chr7	147996831
1147	A	chr7	147996832
1148	T	chr7	147996833
1149	G	chr7	147996834
1150	C	chr7	147996835
1151	A	chr7	147996836
1152	T	chr7	147996837
1153	G	chr7	147996838
1154	C	chr7	147996839
1155	A	chr7	147996840
1156	C	chr7	147996841
1157	A	chr7	147996842
1158	T	chr7	147996843
1159	A	chr7	147996844
1160	C	chr7	147996845
1161	A	chr7	147996846
1162	T	chr7	147996847
1163	A	chr7	147996848
1164	C	chr7	147996849
1165	A	chr7	147996850
1166	C	chr7	147996851
1167	A	chr7	147996852
1168	T	chr7	147996853
1169	G	chr7	147996854
1170	A	chr7	147996855
1171	A	chr7	147996856
1172	C	chr7	147996857
1173	A	chr7	147996858
1174	C	chr7	147996859
1175	A	chr7	147996860
1176	C	chr7	147996861
1177	A	chr7	147996862
1178	A	chr7	147996863
1179	A	chr7	147996864
1180	A	chr7	147996865
1181	C	chr7	147996866
1182	A	chr7	147996867
1183	A	chr7	147996868
1184	C	chr7	147996869
1185	A	chr7	147996870
1186	T	chr7	147996871
1187	G	chr7	147996872
1188	C	chr7	147996873
1189	T	chr7	147996874
1190	T	chr7	147996875
1191	A	chr7	147996876
1192	A	chr7	147996877
1193	T	chr7	147996878
1194	G	chr7	147996879
1195	T	chr7	147996880
1196	A	chr7	147996881
1197	T	chr7	147996882
1198	T	chr7	147996883
1199	T	chr7	147996884
1200	T	chr7	147996885
1201	T	chr7	147996886
1202	T	chr7	147996887
1203	T	chr7	147996888
1204	T	chr7	147996889
1205	C	chr7	147996891
1206	T	chr7	147996892
1207	T	chr7	147996894
1208	T	chr7	147996895
1209	T	chr7	147996896
1210	T	chr7	147996897
1211	G	chr7	147996898
1212	T	chr7	147996900
1213	T	chr7	147996903
1214	C	chr7	147996921
1215	A	chr7	147997016
1216	A	chr7	147997018
1217	C	chr7	147997021
1218	C	chr7	147997027
1219	C	chr7	147997028
1220	C	chr7	147997031
1221	C	chr7	147997033
1222	T	chr7	147997034
1223	C	chr7	147997036
1224	C	chr7	147997037
1225	T	chr7	147997038
1226	G	chr7	147997040
1227	C	chr7	147997041
1228	C	chr7	147997043
1229	T	chr7	147997045
1230	A	chr7	147997046
1231	A	chr7	147997047
1232	T	chr7	147997048
1233	T	chr7	147997050
1234	A	chr7	147997051
1235	A	chr7	147997052
1236	T	chr7	147997053
1237	T	chr7	147997054
1238	T	chr7	147997055
1239	A	chr7	147997056
1240	A	chr7	147997057
1241	A	chr7	147997058
1242	A	chr7	147997059
1243	A	chr7	147997060
1244	C	chr7	147997062
1245	A	chr7	147997085
1246	C	chr7	147997088
1247	T	chr7	147997091
1248	A	chr7	147997092
1249	T	chr7	147997094
1250	C	chr7	147997097
1251	C	chr7	147997098
1252	C	chr7	147997100
1253	A	chr7	147997101
1254	G	chr7	147997102
1255	C	chr7	147997103
1256	C	chr7	147997104
1257	T	chr7	147997105
1258	T	chr7	147997106
1259	C	chr7	147997107
1260	C	chr7	147997108
1261	A	chr7	147997109
1262	C	chr7	147997110
1263	A	chr7	147997111
1264	C	chr7	147997112
1265	A	chr7	147997113
1266	T	chr7	147997114
1267	A	chr7	147997115
1268	G	chr7	147997116
1269	T	chr7	147997117
1270	G	chr7	147997118
1271	A	chr7	147997119
1272	C	chr7	147997120
1273	A	chr7	147997121
1274	T	chr7	147997122
1275	G	chr7	147997123
1276	T	chr7	147997124
1277	G	chr7	147997125
1278	C	chr7	147997127
1279	C	chr7	147997128
1280	A	chr7	147997129
1281	C	chr7	147997130
1282	A	chr7	147997131
1283	C	chr7	147997132
1284	A	chr7	147997133
1285	T	chr7	147997134
1286	T	chr7	147997136
1287	G	chr7	147997137
1288	C	chr7	147997138
1289	G	chr7	147997166
1290	A	chr7	147997168
1291	T	chr7	147997170
1292	A	chr7	147997171
1293	G	chr7	147997172
1294	G	chr7	147997173
1295	A	chr7	147997174
1296	A	chr7	147997175
1297	C	chr7	147997176
1298	A	chr7	147997177
1299	C	chr7	147997178
1300	T	chr7	147997179
1301	T	chr7	147997180
1302	T	chr7	147997182
1303	C	chr7	147997183
1304	T	chr7	147997184
1305	C	chr7	147997185
1306	C	chr7	147997186
1307	A	chr7	147997187
1308	G	chr7	147997188
1309	T	chr7	147997189
1310	A	chr7	147997190
1311	T	chr7	147997191
1312	G	chr7	147997192
1313	A	chr7	147997193
1314	G	chr7	147997194
1315	T	chr7	147997195
1316	T	chr7	147997196
1317	C	chr7	147997197
1318	T	chr7	147997198
1319	G	chr7	147997199
1320	T	chr7	147997200
1321	T	chr7	147997201
1322	A	chr7	147997202
1323	T	chr7	147997203
1324	G	chr7	147997204
1325	G	chr7	147997205
1326	T	chr7	147997206
1327	A	chr7	147997207
1328	T	chr7	147997208
1329	T	chr7	147997209
1330	T	chr7	147997210
1331	G	chr7	147997211
1332	A	chr7	147997212
1333	G	chr7	147997213
1334	G	chr7	147997214
1335	C	chr7	147997215
1336	C	chr7	147997216
1337	T	chr7	147997217
1338	G	chr7	147997218
1339	A	chr7	147997219
1340	C	chr7	147997220
1341	C	chr7	147997221
1342	A	chr7	147997222
1343	C	chr7	147997223
1344	C	chr7	147997224
1345	T	chr7	147997225
1346	G	chr7	147997226
1347	G	chr7	147997227
1348	A	chr7	147997228
1349	A	chr7	147997229
1350	A	chr7	147997230
1351	A	chr7	147997231
1352	G	chr7	147997232
1353	G	chr7	147997233
1354	C	chr7	147997234
1355	T	chr7	147997235
1356	T	chr7	147997236
1357	T	chr7	147997237
1358	G	chr7	147997238
1359	C	chr7	147997239
1360	C	chr7	147997240
1361	G	chr7	147997241
1362	C	chr7	147997242
1363	A	chr7	147997243
1364	G	chr7	147997244
1365	G	chr7	147997245
1366	C	chr7	147997246
1367	T	chr7	147997247
1368	T	chr7	147997248
1369	C	chr7	147997249
1370	C	chr7	147997251
1371	A	chr7	147997252
1372	C	chr7	147997253
1373	G	chr7	147997254
1374	T	chr7	147997255
1375	G	chr7	147997256
1376	G	chr7	147997259
1377	G	chr7	147997260
1378	G	chr7	147997261
1379	C	chr7	147997262
1380	T	chr7	147997263
1381	T	chr7	147997264
1382	C	chr7	147997265
1383	T	chr7	147997266
1384	C	chr7	147997267
1385	T	chr7	147997268
1386	C	chr7	147997269
1387	C	chr7	147997270
1388	G	chr7	147997271
1389	G	chr7	147997272
1390	T	chr7	147997273
1391	G	chr7	147997274
1392	T	chr7	147997275
1393	G	chr7	147997276
1394	A	chr7	147997277
1395	A	chr7	147997278
1396	T	chr7	147997279
1397	T	chr7	147997280
1398	C	chr7	147997281
1399	T	chr7	147997282
1400	C	chr7	147997283
1401	T	chr7	147997284
1402	G	chr7	147997285
1403	G	chr7	147997286
1404	T	chr7	147997287
1405	G	chr7	147997288
1406	C	chr7	147997289
1407	A	chr7	147997290
1408	G	chr7	147997291
1409	T	chr7	147997292
1410	G	chr7	147997293
1411	T	chr7	147997294
1412	G	chr7	147997295
1413	A	chr7	147997296
1414	G	chr7	147997297
1415	G	chr7	147997298
1416	T	chr7	147997299
1417	G	chr7	147997300
1418	T	chr7	147997301
1419	G	chr7	147997302
1420	A	chr7	147997303
1421	C	chr7	147997305
1422	A	chr7	147997306
1423	G	chr7	147997307
1424	T	chr7	147997308
1425	G	chr7	147997309
1426	G	chr7	147997310
1427	T	chr7	147997311
1428	T	chr7	147997312
1429	G	chr7	147997313
1430	A	chr7	147997314
1431	A	chr7	147997315
1432	G	chr7	147997316
1433	G	chr7	147997317
1434	C	chr7	147997318
1435	T	chr7	147997319
1436	T	chr7	147997320
1437	T	chr7	147997321
1438	G	chr7	147997322
1439	C	chr7	147997323
1440	T	chr7	147997324
1441	G	chr7	147997325
1442	C	chr7	147997326
1443	A	chr7	147997327
1444	C	chr7	147997328
1445	T	chr7	147997329
1446	A	chr7	147997330
1447	A	chr7	147997331
1448	T	chr7	147997332
1449	C	chr7	147997333
1450	A	chr7	147997334
1451	C	chr7	147997335
1452	G	chr7	147997336
1453	T	chr7	147997337
1454	T	chr7	147997338
1455	T	chr7	147997339
1456	G	chr7	147997340
1457	T	chr7	147997341
1458	A	chr7	147997342
1459	G	chr7	147997343
1460	G	chr7	147997344
1461	G	chr7	147997345
1462	T	chr7	147997346
1463	T	chr7	147997347
1464	T	chr7	147997348
1465	C	chr7	147997349
1466	T	chr7	147997350
1467	C	chr7	147997351
1468	T	chr7	147997352
1469	C	chr7	147997353
1470	T	chr7	147997354
1471	A	chr7	147997355
1472	G	chr7	147997356
1473	A	chr7	147997357
1474	A	chr7	147997358
1475	T	chr7	147997359
1476	G	chr7	147997360
1477	C	chr7	147997361
1478	A	chr7	147997362
1479	C	chr7	147997363
1480	C	chr7	147997364
1481	C	chr7	147997365
1482	T	chr7	147997366
1483	C	chr7	147997367
1484	T	chr7	147997368
1485	G	chr7	147997369
1486	A	chr7	147997370
1487	T	chr7	147997371
1488	G	chr7	147997372
1489	C	chr7	147997373
1490	T	chr7	147997374
1491	C	chr7	147997375
1492	T	chr7	147997376
1493	C	chr7	147997377
1494	T	chr7	147997378
1495	C	chr7	147997379
1496	A	chr7	147997380
1497	G	chr7	147997381
1498	A	chr7	147997382
1499	C	chr7	147997383
1500	T	chr7	147997384
1501	T	chr7	147997385
1502	A	chr7	147997386
1503	C	chr7	147997387
1504	A	chr7	147997388
1505	T	chr7	147997390
1506	C	chr7	147997391
1507	A	chr7	147997392
1508	T	chr7	147997393
1509	G	chr7	147997394
1510	G	chr7	147997395
1511	C	chr7	147997396
1512	A	chr7	147997397
1513	A	chr7	147997398
1514	A	chr7	147997399
1515	G	chr7	147997400
1516	G	chr7	147997401
1517	C	chr7	147997402
1518	T	chr7	147997403
1519	T	chr7	147997404
1520	T	chr7	147997405
1521	G	chr7	147997406
1522	C	chr7	147997407
1523	C	chr7	147997408
1524	A	chr7	147997409
1525	C	chr7	147997410
1526	A	chr7	147997411
1527	C	chr7	147997412
1528	T	chr7	147997413
1529	C	chr7	147997414
1530	G	chr7	147997415
1531	T	chr7	147997416
1532	T	chr7	147997417
1533	A	chr7	147997418
1534	C	chr7	147997419
1535	A	chr7	147997420
1536	T	chr7	147997421
1537	T	chr7	147997422
1538	T	chr7	147997423
1539	G	chr7	147997424
1540	T	chr7	147997425
1541	A	chr7	147997426
1542	A	chr7	147997427
1543	G	chr7	147997428
1544	G	chr7	147997429
1545	T	chr7	147997430
1546	T	chr7	147997431
1547	T	chr7	147997432
1548	C	chr7	147997433
1549	T	chr7	147997434
1550	C	chr7	147997435
1551	T	chr7	147997436
1552	C	chr7	147997437
1553	C	chr7	147997438
1554	A	chr7	147997439
1555	C	chr7	147997440
1556	T	chr7	147997441
1557	G	chr7	147997442
1558	T	chr7	147997443
1559	G	chr7	147997444
1560	A	chr7	147997445
1561	A	chr7	147997446
1562	T	chr7	147997447
1563	T	chr7	147997448
1564	C	chr7	147997449
1565	T	chr7	147997450
1566	G	chr7	147997451
1567	T	chr7	147997452
1568	G	chr7	147997453
1569	A	chr7	147997454
1570	T	chr7	147997455
1571	G	chr7	147997456
1572	T	chr7	147997457
1573	C	chr7	147997458
1574	T	chr7	147997459
1575	T	chr7	147997460
1576	T	chr7	147997461
1577	T	chr7	147997462
1578	G	chr7	147997463
1579	A	chr7	147997464
1580	G	chr7	147997465
1581	A	chr7	147997466
1582	T	chr7	147997467
1583	C	chr7	147997468
1584	T	chr7	147997469
1585	G	chr7	147997470
1586	A	chr7	147997471
1587	A	chr7	147997472
1588	C	chr7	147997473
1589	T	chr7	147997474
1590	T	chr7	147997475
1591	T	chr7	147997476
1592	T	chr7	147997477
1593	G	chr7	147997478
1594	G	chr7	147997479
1595	T	chr7	147997480
1596	A	chr7	147997481
1597	A	chr7	147997482
1598	A	chr7	147997483
1599	A	chr7	147997484
1600	G	chr7	147997485
1601	C	chr7	147997486
1602	T	chr7	147997487
1603	T	chr7	147997488
1604	T	chr7	147997489
1605	G	chr7	147997490
1606	C	chr7	147997491
1607	C	chr7	147997492
1608	A	chr7	147997493
1609	C	chr7	147997494
1610	A	chr7	147997495
1611	T	chr7	147997496
1612	T	chr7	147997497
1613	C	chr7	147997498
1614	C	chr7	147997499
1615	T	chr7	147997500
1616	T	chr7	147997501
1617	G	chr7	147997502
1618	C	chr7	147997503
1619	A	chr7	147997504
1620	C	chr7	147997505
1621	T	chr7	147997506
1622	C	chr7	147997507
1623	A	chr7	147997508
1624	T	chr7	147997509
1625	A	chr7	147997510
1626	G	chr7	147997511
1627	G	chr7	147997512
1628	G	chr7	147997513
1629	C	chr7	147997514
1630	T	chr7	147997515
1631	T	chr7	147997516
1632	C	chr7	147997517
1633	T	chr7	147997518
1634	C	chr7	147997519
1635	T	chr7	147997520
1636	C	chr7	147997521
1637	C	chr7	147997522
1638	T	chr7	147997523
1639	G	chr7	147997524
1640	T	chr7	147997525
1641	A	chr7	147997526
1642	T	chr7	147997527
1643	G	chr7	147997528
1644	A	chr7	147997529
1645	G	chr7	147997530
1646	C	chr7	147997533
1647	T	chr7	147997534
1648	T	chr7	147997536
1649	G	chr7	147997537
1650	G	chr7	147997538
1651	T	chr7	147997539
1652	G	chr7	147997540
1653	G	chr7	147997541
1654	T	chr7	147997542
1655	A	chr7	147997543
1656	A	chr7	147997544
1657	T	chr7	147997545
1658	T	chr7	147997546
1659	G	chr7	147997547
1660	A	chr7	147997548
1661	A	chr7	147997549
1662	C	chr7	147997550
1663	G	chr7	147997551
1664	T	chr7	147997553
1665	G	chr7	147997554
1666	A	chr7	147997555
1667	A	chr7	147997556
1668	A	chr7	147997557
1669	A	chr7	147997558
1670	A	chr7	147997559
1671	T	chr7	147997560
1672	T	chr7	147997561
1673	G	chr7	147997562
1674	C	chr7	147997563
1675	G	chr7	147997564
1676	A	chr7	147997565
1677	A	chr7	147997566
1678	A	chr7	147997567
1679	G	chr7	147997568
1680	G	chr7	147997569
1681	C	chr7	147997570
1682	T	chr7	147997571
1683	T	chr7	147997572
1684	T	chr7	147997573
1685	G	chr7	147997574
1686	C	chr7	147997575
1687	C	chr7	147997576
1688	A	chr7	147997577
1689	C	chr7	147997578
1690	A	chr7	147997579
1691	T	chr7	147997580
1692	T	chr7	147997581
1693	C	chr7	147997582
1694	C	chr7	147997583
1695	T	chr7	147997584
1696	T	chr7	147997585
1697	G	chr7	147997586
1698	C	chr7	147997587
1699	A	chr7	147997588
1700	C	chr7	147997589
1701	T	chr7	147997590
1702	C	chr7	147997591
1703	A	chr7	147997592
1704	T	chr7	147997593
1705	A	chr7	147997594
1706	G	chr7	147997595
1707	G	chr7	147997596
1708	G	chr7	147997597
1709	C	chr7	147997598
1710	T	chr7	147997599
1711	T	chr7	147997600
1712	C	chr7	147997601
1713	T	chr7	147997602
1714	C	chr7	147997603
1715	T	chr7	147997604
1716	C	chr7	147997605
1717	C	chr7	147997606
1718	A	chr7	147997607
1719	G	chr7	147997608
1720	T	chr7	147997609
1721	A	chr7	147997610
1722	T	chr7	147997611
1723	G	chr7	147997612
1724	A	chr7	147997613
1725	A	chr7	147997614
1726	C	chr7	147997615
1727	T	chr7	147997616
1728	C	chr7	147997617
1729	G	chr7	147997618
1730	C	chr7	147997619
1731	T	chr7	147997620
1732	G	chr7	147997621
1733	G	chr7	147997622
1734	T	chr7	147997623
1735	G	chr7	147997624
1736	C	chr7	147997625
1737	T	chr7	147997626
1738	C	chr7	147997627
1739	T	chr7	147997628
1740	G	chr7	147997629
1741	T	chr7	147997630
1742	A	chr7	147997631
1743	A	chr7	147997632
1744	G	chr7	147997633
1745	C	chr7	147997634
1746	T	chr7	147997635
1747	T	chr7	147997636
1748	T	chr7	147997637
1749	G	chr7	147997638
1750	C	chr7	147997639
1751	A	chr7	147997640
1752	A	chr7	147997641
1753	T	chr7	147997642
1754	C	chr7	147997643
1755	T	chr7	147997644
1756	G	chr7	147997645
1757	C	chr7	147997646
1758	G	chr7	147997647
1759	T	chr7	147997648
1760	G	chr7	147997649
1761	A	chr7	147997650
1762	A	chr7	147997651
1763	G	chr7	147997652
1764	G	chr7	147997653
1765	C	chr7	147997654
1766	T	chr7	147997655
1767	T	chr7	147997656
1768	T	chr7	147997657
1769	C	chr7	147997658
1770	T	chr7	147997659
1771	C	chr7	147997660
1772	G	chr7	147997661
1773	C	chr7	147997662
1774	A	chr7	147997663
1775	C	chr7	147997664
1776	T	chr7	147997665
1777	C	chr7	147997666
1778	T	chr7	147997667
1779	T	chr7	147997668
1780	T	chr7	147997669
1781	A	chr7	147997670
1782	C	chr7	147997671
1783	A	chr7	147997672
1784	C	chr7	147997673
1785	T	chr7	147997674
1786	T	chr7	147997675
1787	T	chr7	147997677
1788	A	chr7	147997678
1789	G	chr7	147997679
1790	G	chr7	147997680
1791	G	chr7	147997681
1792	C	chr7	147997682
1793	T	chr7	147997683
1794	T	chr7	147997684
1795	C	chr7	147997685
1796	T	chr7	147997686
1797	C	chr7	147997687
1798	T	chr7	147997688
1799	C	chr7	147997689
1800	C	chr7	147997690
1801	A	chr7	147997691
1802	G	chr7	147997692
1803	T	chr7	147997693
1804	G	chr7	147997694
1805	T	chr7	147997695
1806	G	chr7	147997696
1807	A	chr7	147997697
1808	A	chr7	147997698
1809	C	chr7	147997699
1810	T	chr7	147997700
1811	A	chr7	147997701
1812	C	chr7	147997702
1813	T	chr7	147997703
1814	T	chr7	147997704
1815	G	chr7	147997705
1816	A	chr7	147997706
1817	T	chr7	147997707
1818	G	chr7	147997708
1819	T	chr7	147997709
1820	T	chr7	147997710
1821	G	chr7	147997711
1822	T	chr7	147997712
1823	T	chr7	147997713
1824	T	chr7	147997714
1825	C	chr7	147997715
1826	A	chr7	147997716
1827	G	chr7	147997717
1828	G	chr7	147997718
1829	C	chr7	147997719
1830	T	chr7	147997720
1831	T	chr7	147997721
1832	A	chr7	147997722
1833	A	chr7	147997723
1834	C	chr7	147997724
1835	C	chr7	147997725
1836	C	chr7	147997726
1837	A	chr7	147997727
1838	C	chr7	147997728
1839	T	chr7	147997729
1840	G	chr7	147997730
1841	T	chr7	147997731
1842	T	chr7	147997732
1843	A	chr7	147997733
1844	A	chr7	147997734
1845	A	chr7	147997735
1846	G	chr7	147997736
1847	G	chr7	147997737
1848	C	chr7	147997738
1849	T	chr7	147997739
1850	T	chr7	147997740
1851	T	chr7	147997741
1852	G	chr7	147997742
1853	C	chr7	147997743
1854	C	chr7	147997744
1855	G	chr7	147997745
1856	C	chr7	147997746
1857	A	chr7	147997747
1858	C	chr7	147997748
1859	T	chr7	147997749
1860	C	chr7	147997750
1861	G	chr7	147997751
1862	T	chr7	147997752
1863	T	chr7	147997753
1864	A	chr7	147997754
1865	C	chr7	147997755
1866	A	chr7	147997756
1867	C	chr7	147997757
1868	T	chr7	147997758
1869	T	chr7	147997759
1870	G	chr7	147997760
1871	A	chr7	147997761
1872	A	chr7	147997762
1873	C	chr7	147997763
1874	G	chr7	147997764
1875	G	chr7	147997765
1876	T	chr7	147997766
1877	T	chr7	147997767
1878	T	chr7	147997768
1879	C	chr7	147997769
1880	T	chr7	147997770
1881	C	chr7	147997771
1882	G	chr7	147997772
1883	C	chr7	147997773
1884	C	chr7	147997774
1885	A	chr7	147997775
1886	G	chr7	147997776
1887	T	chr7	147997777
1888	G	chr7	147997778
1889	T	chr7	147997779
1890	G	chr7	147997780
1891	G	chr7	147997781
1892	A	chr7	147997782
1893	C	chr7	147997783
1894	G	chr7	147997784
1895	T	chr7	147997785
1896	T	chr7	147997786
1897	T	chr7	147997787
1898	T	chr7	147997788
1899	G	chr7	147997789
1900	G	chr7	147997790
1901	T	chr7	147997791
1902	G	chr7	147997792
1903	T	chr7	147997793
1904	T	chr7	147997794
1905	G	chr7	147997795
1906	A	chr7	147997796
1907	G	chr7	147997797
1908	T	chr7	147997798
1909	A	chr7	147997799
1910	A	chr7	147997800
1911	G	chr7	147997801
1912	C	chr7	147997802
1913	T	chr7	147997803
1914	T	chr7	147997804
1915	T	chr7	147997805
1916	G	chr7	147997806
1917	A	chr7	147997807
1918	A	chr7	147997808
1919	A	chr7	147997809
1920	T	chr7	147997810
1921	A	chr7	147997811
1922	T	chr7	147997812
1923	C	chr7	147997813
1924	A	chr7	147997814
1925	A	chr7	147997815
1926	C	chr7	147997816
1927	G	chr7	147997817
1928	A	chr7	147997818
1929	A	chr7	147997819
1930	G	chr7	147997820
1931	G	chr7	147997821
1932	T	chr7	147997823
1933	T	chr7	147997824
1934	T	chr7	147997825
1935	C	chr7	147997826
1936	C	chr7	147997827
1937	C	chr7	147997828
1938	A	chr7	147997829
1939	C	chr7	147997830
1940	C	chr7	147997832
1941	T	chr7	147997833
1942	G	chr7	147997834
1943	C	chr7	147997835
1944	T	chr7	147997836
1945	T	chr7	147997837
1946	G	chr7	147997838
1947	C	chr7	147997839
1948	C	chr7	147997841
1949	T	chr7	147997842
1950	T	chr7	147997843
1951	G	chr7	147997844
1952	T	chr7	147997845
1953	G	chr7	147997846
1954	G	chr7	147997847
1955	G	chr7	147997848
1956	G	chr7	147997849
1957	C	chr7	147997850
1958	T	chr7	147997851
1959	T	chr7	147997852
1960	C	chr7	147997853
1961	G	chr7	147997854
1962	C	chr7	147997855
1963	T	chr7	147997856
1964	C	chr7	147997857
1965	C	chr7	147997858
1966	A	chr7	147997859
1967	G	chr7	147997860
1968	G	chr7	147997861
1969	A	chr7	147997862
1970	C	chr7	147997863
1971	G	chr7	147997864
1972	A	chr7	147997865
1973	A	chr7	147997866
1974	T	chr7	147997867
1975	C	chr7	147997869
1976	T	chr7	147997870
1977	T	chr7	147997872
1978	G	chr7	147997873
1979	G	chr7	147997874
1980	C	chr7	147997875
1981	A	chr7	147997876
1982	C	chr7	147997878
1983	G	chr7	147997879
1984	T	chr7	147997880
1985	C	chr7	147997881
1986	T	chr7	147997882
1987	G	chr7	147997883
1988	C	chr7	147997884
1989	T	chr7	147997888
1990	G	chr7	147997890
1991	A	chr7	147997891
1992	A	chr7	147997892
1993	C	chr7	147997893
1994	C	chr7	147997895
1995	T	chr7	147997896
1996	T	chr7	147997897
1997	G	chr7	147997898
1998	C	chr7	147997900
1999	A	chr7	147997901
2000	A	chr7	147997902
2001	A	chr7	147997903
2002	G	chr7	147997904
2003	A	chr7	147997906
2004	T	chr7	147997907
2005	C	chr7	147997908
2006	C	chr7	147997911
2007	C	chr7	147997912
2008	C	chr7	147997914
2009	A	chr7	147997915
2010	T	chr7	147997916
2011	T	chr7	147997917
2012	C	chr7	147997918
2013	C	chr7	147997920
2014	C	chr7	147997921
2015	A	chr7	147997922
2016	C	chr7	147997924
2017	G	chr7	147997925
2018	A	chr7	147997927
2019	A	chr7	147997928
2020	C	chr7	147997932
2021	T	chr7	147997933
2022	C	chr7	147997934
2023	T	chr7	147997935
2024	G	chr7	147997936
2025	G	chr7	147997937
2026	T	chr7	147997938
2027	G	chr7	147997939
2028	C	chr7	147997940
2029	T	chr7	147997941
2030	T	chr7	147997942
2031	A	chr7	147997943
2032	G	chr7	147997944
2033	C	chr7	147997945
2034	A	chr7	147997946
2035	A	chr7	147997947
2036	G	chr7	147997948
2037	A	chr7	147997949
2038	T	chr7	147997950
2039	G	chr7	147997951
2040	G	chr7	147997952
2041	G	chr7	147997953
2042	A	chr7	147997954
2043	G	chr7	147997955
2044	C	chr7	147997956
2045	T	chr7	147997957
2046	T	chr7	147997958
2047	T	chr7	147997959
2048	G	chr7	147997960
2049	A	chr7	147997961
2050	T	chr7	147997962
2051	T	chr7	147997963
2052	A	chr7	147997964
2053	A	chr7	147997965
2054	A	chr7	147997966
2055	A	chr7	147997967
2056	G	chr7	147997968
2057	C	chr7	147997969
2058	T	chr7	147997970
2059	A	chr7	147997971
2060	G	chr7	147997972
2061	G	chr7	147997973
2062	C	chr7	147997974
2063	C	chr7	147997975
2064	A	chr7	147997976
2065	C	chr7	147997977
2066	A	chr7	147997978
2067	G	chr7	147997979
2068	T	chr7	147997980
2069	C	chr7	147997981
2070	C	chr7	147997982
2071	T	chr7	147997983
2072	C	chr7	147997984
2073	A	chr7	147997985
2074	C	chr7	147997986
2075	A	chr7	147997987
2076	T	chr7	147997988
2077	T	chr7	147997989
2078	T	chr7	147997990
2079	G	chr7	147997991
2080	A	chr7	147997992
2081	A	chr7	147997993
2082	A	chr7	147997994
2083	G	chr7	147997995
2084	G	chr7	147997996
2085	T	chr7	147997997
2086	T	chr7	147997998
2087	T	chr7	147997999
2088	C	chr7	147998000
2089	T	chr7	147998001
2090	C	chr7	147998002
2091	T	chr7	147998003
2092	C	chr7	147998004
2093	C	chr7	147998005
2094	A	chr7	147998006
2095	G	chr7	147998007
2096	T	chr7	147998008
2097	G	chr7	147998009
2098	T	chr7	147998010
2099	G	chr7	147998011
2100	A	chr7	147998012
2101	A	chr7	147998013
2102	T	chr7	147998014
2103	C	chr7	147998015
2104	C	chr7	147998016
2105	T	chr7	147998017
2106	T	chr7	147998018
2107	A	chr7	147998019
2108	G	chr7	147998020
2109	A	chr7	147998021
2110	T	chr7	147998022
2111	G	chr7	147998023
2112	T	chr7	147998024
2113	T	chr7	147998025
2114	G	chr7	147998026
2115	A	chr7	147998027
2116	T	chr7	147998028
2117	T	chr7	147998029
2118	A	chr7	147998030
2119	A	chr7	147998031
2120	G	chr7	147998032
2121	G	chr7	147998033
2122	T	chr7	147998034
2123	T	chr7	147998035
2124	T	chr7	147998036
2125	G	chr7	147998037
2126	A	chr7	147998038
2127	C	chr7	147998040
2128	C	chr7	147998041
2129	C	chr7	147998042
2130	T	chr7	147998043
2131	T	chr7	147998044
2132	C	chr7	147998045
2133	T	chr7	147998046
2134	T	chr7	147998047
2135	A	chr7	147998048
2136	A	chr7	147998049
2137	A	chr7	147998050
2138	G	chr7	147998051
2139	T	chr7	147998052
2140	T	chr7	147998053
2141	T	chr7	147998054
2142	T	chr7	147998055
2143	T	chr7	147998056
2144	G	chr7	147998057
2145	C	chr7	147998058
2146	C	chr7	147998059
2147	A	chr7	147998060
2148	C	chr7	147998061
2149	A	chr7	147998062
2150	C	chr7	147998063
2151	T	chr7	147998064
2152	C	chr7	147998065
2153	T	chr7	147998066
2154	T	chr7	147998067
2155	C	chr7	147998068
2156	A	chr7	147998069
2157	C	chr7	147998070
2158	A	chr7	147998071
2159	G	chr7	147998072
2160	A	chr7	147998073
2161	T	chr7	147998074
2162	A	chr7	147998075
2163	T	chr7	147998076
2164	A	chr7	147998077
2165	A	chr7	147998078
2166	G	chr7	147998079
2167	A	chr7	147998080
2168	T	chr7	147998081
2169	T	chr7	147998082
2170	T	chr7	147998083
2171	C	chr7	147998084
2172	T	chr7	147998085
2173	T	chr7	147998086
2174	T	chr7	147998087
2175	C	chr7	147998089
2176	T	chr7	147998090
2177	G	chr7	147998091
2178	A	chr7	147998093
2179	T	chr7	147998094
2180	A	chr7	147998117
2181	C	chr7	147998125
2182	A	chr7	147998126
2183	T	chr7	147998128
2184	G	chr7	147998130
2185	C	chr7	147998131
2186	A	chr7	147998132
2187	A	chr7	147998133
2188	A	chr7	147998134
2189	G	chr7	147998135
2190	C	chr7	147998142
2191	C	chr7	147998143
2192	A	chr7	147998144
2193	C	chr7	147998145
2194	A	chr7	147998146
2195	C	chr7	147998147
2196	T	chr7	147998148
2197	C	chr7	147998149
2198	T	chr7	147998150
2199	T	chr7	147998151
2200	T	chr7	147998152
2201	A	chr7	147998153
2202	C	chr7	147998154
2203	A	chr7	147998155
2204	C	chr7	147998156
2205	T	chr7	147998157
2206	C	chr7	147998158
2207	A	chr7	147998159
2208	T	chr7	147998160
2209	G	chr7	147998161
2210	G	chr7	147998163
2211	G	chr7	147998164
2212	A	chr7	147998165
2213	T	chr7	147998166
2214	T	chr7	147998167
2215	C	chr7	147998168
2216	T	chr7	147998169
2217	C	chr7	147998170
2218	T	chr7	147998171
2219	C	chr7	147998172
2220	C	chr7	147998173
2221	A	chr7	147998174
2222	T	chr7	147998175
2223	C	chr7	147998176
2224	A	chr7	147998177
2225	T	chr7	147998178
2226	G	chr7	147998179
2227	A	chr7	147998180
2228	C	chr7	147998181
2229	T	chr7	147998182
2230	T	chr7	147998183
2231	C	chr7	147998184
2232	T	chr7	147998185
2233	C	chr7	147998186
2234	T	chr7	147998187
2235	G	chr7	147998188
2236	A	chr7	147998189
2237	T	chr7	147998190
2238	G	chr7	147998191
2239	T	chr7	147998192
2240	A	chr7	147998193
2241	C	chr7	147998194
2242	A	chr7	147998195
2243	T	chr7	147998196
2244	T	chr7	147998197
2245	A	chr7	147998198
2246	A	chr7	147998199
2247	G	chr7	147998200
2248	G	chr7	147998201
2249	T	chr7	147998202
2250	C	chr7	147998203
2251	T	chr7	147998204
2252	G	chr7	147998205
2253	A	chr7	147998206
2254	A	chr7	147998207
2255	C	chr7	147998208
2256	A	chr7	147998209
2257	A	chr7	147998210
2258	C	chr7	147998211
2259	T	chr7	147998212
2260	G	chr7	147998213
2261	C	chr7	147998214
2262	T	chr7	147998215
2263	A	chr7	147998216
2264	A	chr7	147998217
2265	A	chr7	147998218
2266	A	chr7	147998219
2267	G	chr7	147998220
2268	C	chr7	147998221
2269	T	chr7	147998222
2270	T	chr7	147998223
2271	T	chr7	147998224
2272	A	chr7	147998225
2273	C	chr7	147998226
2274	C	chr7	147998227
2275	A	chr7	147998228
2276	C	chr7	147998229
2277	A	chr7	147998230
2278	C	chr7	147998231
2279	T	chr7	147998232
2280	C	chr7	147998233
2281	T	chr7	147998234
2282	C	chr7	147998235
2283	C	chr7	147998236
2284	A	chr7	147998237
2285	C	chr7	147998238
2286	A	chr7	147998239
2287	T	chr7	147998240
2288	T	chr7	147998241
2289	T	chr7	147998242
2290	G	chr7	147998243
2291	T	chr7	147998244
2292	A	chr7	147998245
2293	G	chr7	147998246
2294	G	chr7	147998247
2295	A	chr7	147998248
2296	T	chr7	147998249
2297	T	chr7	147998250
2298	T	chr7	147998251
2299	G	chr7	147998252
2300	G	chr7	147998253
2301	C	chr7	147998254
2302	T	chr7	147998255
2303	C	chr7	147998256
2304	T	chr7	147998257
2305	C	chr7	147998258
2306	C	chr7	147998259
2307	C	chr7	147998260
2308	A	chr7	147998261
2309	T	chr7	147998262
2310	G	chr7	147998263
2311	A	chr7	147998264
2312	G	chr7	147998265
2313	T	chr7	147998266
2314	T	chr7	147998267
2315	T	chr7	147998268
2316	T	chr7	147998269
2317	C	chr7	147998270
2318	T	chr7	147998271
2319	G	chr7	147998272
2320	G	chr7	147998273
2321	T	chr7	147998274
2322	G	chr7	147998275
2323	T	chr7	147998276
2324	T	chr7	147998277
2325	C	chr7	147998278
2326	T	chr7	147998279
2327	A	chr7	147998280
2328	G	chr7	147998281
2329	G	chr7	147998282
2330	A	chr7	147998283
2331	G	chr7	147998284
2332	A	chr7	147998285
2333	T	chr7	147998286
2334	C	chr7	147998287
2335	T	chr7	147998288
2336	G	chr7	147998289
2337	A	chr7	147998290
2338	T	chr7	147998291
2339	T	chr7	147998292
2340	T	chr7	147998293
2341	T	chr7	147998294
2342	T	chr7	147998295
2343	G	chr7	147998296
2344	A	chr7	147998297
2345	C	chr7	147998298
2346	G	chr7	147998299
2347	A	chr7	147998300
2348	A	chr7	147998301
2349	A	chr7	147998302
2350	A	chr7	147998303
2351	G	chr7	147998304
2352	T	chr7	147998305
2353	C	chr7	147998306
2354	A	chr7	147998307
2355	G	chr7	147998308
2356	G	chr7	147998309
2357	A	chr7	147998310
2358	C	chr7	147998311
2359	A	chr7	147998312
2360	C	chr7	147998313
2361	A	chr7	147998314
2362	T	chr7	147998315
2363	C	chr7	147998316
2364	C	chr7	147998317
2365	C	chr7	147998318
2366	T	chr7	147998319
2367	C	chr7	147998320
2368	A	chr7	147998321
2369	C	chr7	147998322
2370	A	chr7	147998323
2371	C	chr7	147998324
2372	T	chr7	147998325
2373	T	chr7	147998326
2374	G	chr7	147998327
2375	T	chr7	147998328
2376	A	chr7	147998329
2377	A	chr7	147998330
2378	G	chr7	147998331
2379	C	chr7	147998332
2380	C	chr7	147998333
2381	T	chr7	147998334
2382	C	chr7	147998335
2383	A	chr7	147998336
2384	T	chr7	147998337
2385	C	chr7	147998338
2386	T	chr7	147998339
2387	T	chr7	147998340
2388	G	chr7	147998341
2389	A	chr7	147998342
2390	A	chr7	147998343
2391	G	chr7	147998344
2392	G	chr7	147998345
2393	T	chr7	147998346
2394	G	chr7	147998347
2395	G	chr7	147998348
2396	G	chr7	147998349
2397	A	chr7	147998350
2398	A	chr7	147998351
2399	C	chr7	147998352
2400	T	chr7	147998353
2401	C	chr7	147998354
2402	T	chr7	147998355
2403	G	chr7	147998356
2404	A	chr7	147998357
2405	A	chr7	147998358
2406	G	chr7	147998359
2407	A	chr7	147998360
2408	T	chr7	147998361
2409	C	chr7	147998362
2410	T	chr7	147998363
2411	T	chr7	147998364
2412	T	chr7	147998365
2413	T	chr7	147998366
2414	A	chr7	147998367
2415	A	chr7	147998368
2416	G	chr7	147998369
2417	C	chr7	147998370
2418	T	chr7	147998371
2419	C	chr7	147998372
2420	T	chr7	147998373
2421	G	chr7	147998374
2422	A	chr7	147998375
2423	T	chr7	147998376
2424	G	chr7	147998377
2425	A	chr7	147998378
2426	C	chr7	147998379
2427	T	chr7	147998380
2428	G	chr7	147998381
2429	A	chr7	147998382
2430	C	chr7	147998383
2431	A	chr7	147998384
2432	T	chr7	147998385
2433	C	chr7	147998386
2434	C	chr7	147998387
2435	C	chr7	147998388
2436	C	chr7	147998389
2437	A	chr7	147998390
2438	C	chr7	147998391
2439	A	chr7	147998392
2440	T	chr7	147998393
2441	T	chr7	147998394
2442	T	chr7	147998395
2443	G	chr7	147998396
2444	T	chr7	147998397
2445	T	chr7	147998398
2446	C	chr7	147998399
2447	C	chr7	147998400
2448	C	chr7	147998401
2449	T	chr7	147998402
2450	C	chr7	147998403
2451	T	chr7	147998404
2452	A	chr7	147998405
2453	A	chr7	147998406
2454	A	chr7	147998407
2455	A	chr7	147998408
2456	A	chr7	147998409
2457	C	chr7	147998410
2458	A	chr7	147998411
2459	T	chr7	147998412
2460	T	chr7	147998413
2461	C	chr7	147998414
2462	C	chr7	147998415
2463	C	chr7	147998416
2464	T	chr7	147998417
2465	G	chr7	147998419
2466	A	chr7	147998420
2467	G	chr7	147998421
2468	A	chr7	147998422
2469	A	chr7	147998423
2470	G	chr7	147998424
2471	G	chr7	147998425
2472	A	chr7	147998426
2473	G	chr7	147998427
2474	C	chr7	147998428
2475	C	chr7	147998429
2476	C	chr7	147998430
2477	G	chr7	147998431
2478	C	chr7	147998432
2479	T	chr7	147998433
2480	T	chr7	147998434
2481	A	chr7	147998435
2482	C	chr7	147998436
2483	C	chr7	147998437
2484	A	chr7	147998438
2485	T	chr7	147998439
2486	G	chr7	147998440
2487	A	chr7	147998441
2488	G	chr7	147998442
2489	C	chr7	147998443
2490	T	chr7	147998444
2491	G	chr7	147998445
2492	A	chr7	147998446
2493	A	chr7	147998447
2494	C	chr7	147998448
2495	C	chr7	147998449
2496	A	chr7	147998450
2497	C	chr7	147998451
2498	G	chr7	147998453
2499	C	chr7	147998454
2500	T	chr7	147998455
2501	G	chr7	147998456
2502	A	chr7	147998457
2503	A	chr7	147998458
2504	G	chr7	147998459
2505	T	chr7	147998460
2506	T	chr7	147998461
2507	T	chr7	147998462
2508	T	chr7	147998463
2509	T	chr7	147998464
2510	G	chr7	147998465
2511	T	chr7	147998466
2512	G	chr7	147998467
2513	T	chr7	147998468
2514	G	chr7	147998469
2515	T	chr7	147998470
2516	C	chr7	147998471
2517	T	chr7	147998472
2518	T	chr7	147998473
2519	C	chr7	147998474
2520	G	chr7	147998475
2521	T	chr7	147998476
2522	A	chr7	147998477
2523	C	chr7	147998478
2524	A	chr7	147998479
2525	T	chr7	147998480
2526	T	chr7	147998481
2527	C	chr7	147998482
2528	A	chr7	147998483
2529	T	chr7	147998484
2530	A	chr7	147998485
2531	A	chr7	147998486
2532	G	chr7	147998487
2533	T	chr7	147998488
2534	T	chr7	147998489
2535	T	chr7	147998490
2536	T	chr7	147998491
2537	C	chr7	147998492
2538	T	chr7	147998493
2539	C	chr7	147998494
2540	T	chr7	147998495
2541	C	chr7	147998496
2542	C	chr7	147998497
2543	A	chr7	147998498
2544	G	chr7	147998499
2545	T	chr7	147998500
2546	A	chr7	147998501
2547	G	chr7	147998502
2548	A	chr7	147998503
2549	G	chr7	147998504
2550	G	chr7	147998505
2551	A	chr7	147998506
2552	A	chr7	147998507
2553	T	chr7	147998508
2554	C	chr7	147998509
2555	C	chr7	147998510
2556	T	chr7	147998511
2557	G	chr7	147998512
2558	G	chr7	147998513
2559	G	chr7	147998514
2560	A	chr7	147998515
2561	G	chr7	147998516
2562	T	chr7	147998517
2563	T	chr7	147998518
2564	A	chr7	147998519
2565	T	chr7	147998520
2566	T	chr7	147998521
2567	C	chr7	147998522
2568	A	chr7	147998523
2569	G	chr7	147998524
2570	G	chr7	147998525
2571	A	chr7	147998526
2572	T	chr7	147998527
2573	A	chr7	147998528
2574	C	chr7	147998529
2575	C	chr7	147998530
2576	G	chr7	147998531
2577	C	chr7	147998532
2578	T	chr7	147998533
2579	C	chr7	147998534
2580	T	chr7	147998535
2581	G	chr7	147998536
2582	G	chr7	147998537
2583	C	chr7	147998538
2584	G	chr7	147998539
2585	A	chr7	147998540
2586	A	chr7	147998541
2587	C	chr7	147998542
2588	G	chr7	147998543
2589	C	chr7	147998546
2590	T	chr7	147998547
2591	G	chr7	147998548
2592	A	chr7	147998549
2593	G	chr7	147998550
2594	A	chr7	147998551
2595	A	chr7	147998552
2596	G	chr7	147998553
2597	T	chr7	147998554
2598	C	chr7	147998555
2599	T	chr7	147998556
2600	C	chr7	147998557
2601	C	chr7	147998558
2602	T	chr7	147998559
2603	T	chr7	147998560
2604	G	chr7	147998561
2605	C	chr7	147998562
2606	A	chr7	147998563
2607	C	chr7	147998564
2608	A	chr7	147998565
2609	C	chr7	147998566
2610	G	chr7	147998567
2611	C	chr7	147998568
2612	T	chr7	147998569
2613	C	chr7	147998570
2614	T	chr7	147998571
2615	C	chr7	147998572
2616	G	chr7	147998574
2617	C	chr7	147998575
2618	T	chr7	147998576
2619	C	chr7	147998577
2620	C	chr7	147998578
2621	C	chr7	147998579
2622	C	chr7	147998580
2623	T	chr7	147998581
2624	C	chr7	147998582
2625	T	chr7	147998583
2626	T	chr7	147998584
2627	C	chr7	147998585
2628	G	chr7	147998586
2629	C	chr7	147998587
2630	G	chr7	147998588
2631	T	chr7	147998589
2632	C	chr7	147998590
2633	C	chr7	147998591
2634	C	chr7	147998592
2635	G	chr7	147998593
2636	A	chr7	147998594
2637	A	chr7	147998595
2638	T	chr7	147998596
2639	G	chr7	147998598
2640	T	chr7	147998599
2641	T	chr7	147998600
2642	G	chr7	147998601
2643	T	chr7	147998602
2644	G	chr7	147998603
2645	C	chr7	147998604
2646	C	chr7	147998605
2647	T	chr7	147998606
2648	T	chr7	147998607
2649	T	chr7	147998608
2650	T	chr7	147998609
2651	T	chr7	147998610
2652	T	chr7	147998611
2653	T	chr7	147998612
2654	T	chr7	147998613
2655	T	chr7	147998614
2656	A	chr7	147998615
2657	T	chr7	147998616
2658	T	chr7	147998617
2659	T	chr7	147998618
2660	A	chr7	147998619
2661	A	chr7	147998620
2662	G	chr7	147998621
2663	A	chr7	147998622
2664	G	chr7	147998623
2665	T	chr7	147998624
2666	G	chr7	147998625
2667	A	chr7	147998626
2668	G	chr7	147998627
2669	G	chr7	147998628
2670	G	chr7	147998629
2671	A	chr7	147998630
2672	C	chr7	147998631
2673	G	chr7	147998632
2674	A	chr7	147998633
2675	G	chr7	147998634
2676	A	chr7	147998635
2677	A	chr7	147998636
2678	A	chr7	147998637
2679	G	chr7	147998638
2680	T	chr7	147998640
2681	T	chr7	147998641
2682	C	chr7	147998642
2683	T	chr7	147998643
2684	G	chr7	147998644
2685	C	chr7	147998645
2686	C	chr7	147998646
2687	C	chr7	147998647
2688	A	chr7	147998648
2689	C	chr7	147998649
2690	G	chr7	147998650
2691	T	chr7	147998651
2692	T	chr7	147998652
2693	C	chr7	147998653
2694	A	chr7	147998654
2695	T	chr7	147998655
2696	T	chr7	147998656
2697	G	chr7	147998657
2698	A	chr7	147998658
2699	C	chr7	147998659
2700	A	chr7	147998660
2701	C	chr7	147998661
2702	T	chr7	147998662
2703	G	chr7	147998663
2704	T	chr7	147998664
2705	G	chr7	147998665
2706	T	chr7	147998666
2707	A	chr7	147998667
2708	G	chr7	147998668
2709	T	chr7	147998669
2710	T	chr7	147998670
2711	T	chr7	147998671
2712	G	chr7	147998672
2713	A	chr7	147998673
2714	C	chr7	147998674
2715	A	chr7	147998675
2716	C	chr7	147998676
2717	A	chr7	147998677
2718	A	chr7	147998678
2719	G	chr7	147998679
2720	T	chr7	147998680
2721	T	chr7	147998681
2722	G	chr7	147998682
2723	T	chr7	147998683
2724	T	chr7	147998684
2725	T	chr7	147998685
2726	G	chr7	147998686
2727	T	chr7	147998687
2728	T	chr7	147998688
2729	T	chr7	147998689
2730	A	chr7	147998690
2731	C	chr7	147998691
2732	T	chr7	147998692
2733	A	chr7	147998693
2734	C	chr7	147998694
2735	A	chr7	147998695
2736	A	chr7	147998696
2737	A	chr7	147998697
2738	G	chr7	147998698
2739	C	chr7	147998699
2740	G	chr7	147998700
2741	A	chr7	147998701
2742	T	chr7	147998702
2743	G	chr7	147998703
2744	G	chr7	147998704
2745	C	chr7	147998705
2746	T	chr7	147998706
2747	T	chr7	147998707
2748	T	chr7	147998708
2749	T	chr7	147998709
2750	T	chr7	147998710
2751	T	chr7	147998711
2752	G	chr7	147998712
2753	T	chr7	147998713
2754	A	chr7	147998714
2755	A	chr7	147998715
2756	A	chr7	147998716
2757	A	chr7	147998717
2758	G	chr7	147998718
2759	A	chr7	147998719
2760	G	chr7	147998720
2761	C	chr7	147998721
2762	T	chr7	147998722
2763	C	chr7	147998723
2764	T	chr7	147998724
2765	C	chr7	147998725
2766	T	chr7	147998726
2767	A	chr7	147998727
2768	A	chr7	147998728
2769	C	chr7	147998729
2770	T	chr7	147998730
2771	T	chr7	147998733
2772	C	chr7	147998734
2773	C	chr7	147998736
2774	A	chr7	147998737
2775	T	chr7	147998738
2776	T	chr7	147998739
2777	A	chr7	147998741
2778	G	chr7	147998742
2779	A	chr7	147998773
2780	T	chr7	147998779
2781	G	chr7	147998784
2782	A	chr7	147998786
2783	G	chr7	147998787
2784	G	chr7	147998789
2785	T	chr7	147998791
2786	C	chr7	147998792
2787	A	chr7	147998793
2788	G	chr7	147998794
2789	T	chr7	147998795
2790	C	chr7	147998796
2791	C	chr7	147998797
2792	A	chr7	147998798
2793	G	chr7	147998799
2794	G	chr7	147998801
2795	C	chr7	147998802
2796	T	chr7	147998803
2797	C	chr7	147998804
2798	C	chr7	147998805
2799	T	chr7	147998806
2800	T	chr7	147998807
2801	T	chr7	147998808
2802	T	chr7	147998809
2803	T	chr7	147998810
2804	A	chr7	147998811
2805	A	chr7	147998812
2806	A	chr7	147998813
2807	T	chr7	147998814
2808	C	chr7	147998815
2809	G	chr7	147998816
2810	A	chr7	147998817
2811	T	chr7	147998818
2812	C	chr7	147998819
2813	A	chr7	147998820
2814	C	chr7	147998821
2815	C	chr7	147998822
2816	T	chr7	147998823
2817	T	chr7	147998824
2818	C	chr7	147998826
2819	T	chr7	147998827
2820	G	chr7	147998828
2821	G	chr7	147998829
2822	T	chr7	147998830
2823	C	chr7	147998831
2824	G	chr7	147998832
2825	T	chr7	147998833
2826	G	chr7	147998834
2827	T	chr7	147998835
2828	C	chr7	147998836
2829	G	chr7	147998837
2830	T	chr7	147998838
2831	G	chr7	147998839
2832	A	chr7	147998841
2833	G	chr7	147998842
2834	T	chr7	147998843
2835	C	chr7	147998844
2836	G	chr7	147998845
2837	G	chr7	147998846
2838	C	chr7	147998847
2839	T	chr7	147998848
2840	C	chr7	147998849
2841	C	chr7	147998850
2842	C	chr7	147998851
2843	T	chr7	147998852
2844	T	chr7	147998853
2845	T	chr7	147998854
2846	C	chr7	147998855
2847	G	chr7	147998856
2848	G	chr7	147998857
2849	A	chr7	147998858
2850	C	chr7	147998859
2851	A	chr7	147998860
2852	T	chr7	147998861
2853	T	chr7	147998862
2854	G	chr7	147998863
2855	C	chr7	147998864
2856	C	chr7	147998865
2857	G	chr7	147998866
2858	C	chr7	147998867
2859	T	chr7	147998868
2860	T	chr7	147998869
2861	T	chr7	147998870
2862	C	chr7	147998871
2863	C	chr7	147998872
2864	T	chr7	147998873
2865	T	chr7	147998874
2866	T	chr7	147998875
2867	C	chr7	147998876
2868	A	chr7	147998877
2869	G	chr7	147998878
2870	A	chr7	147998879
2871	G	chr7	147998880
2872	G	chr7	147998881
2873	A	chr7	147998882
2874	A	chr7	147998883
2875	A	chr7	147998884
2876	G	chr7	147998885
2877	G	chr7	147998886
2878	T	chr7	147998887
2879	A	chr7	147998888
2880	A	chr7	147998889
2881	G	chr7	147998890
2882	T	chr7	147998891
2883	T	chr7	147998892
2884	T	chr7	147998893
2885	C	chr7	147998894
2886	A	chr7	147998895
2887	A	chr7	147998896
2888	A	chr7	147998897
2889	T	chr7	147998898
2890	G	chr7	147998899
2891	T	chr7	147998900
2892	G	chr7	147998901
2893	G	chr7	147998902
2894	C	chr7	147998903
2895	T	chr7	147998904
2896	G	chr7	147998905
2897	G	chr7	147998906
2898	G	chr7	147998907
2899	A	chr7	147998908
2900	A	chr7	147998909
2901	T	chr7	147998910
2902	G	chr7	147998911
2903	T	chr7	147998912
2904	T	chr7	147998913
2905	T	chr7	147998914
2906	G	chr7	147998915
2907	C	chr7	147998916
2908	T	chr7	147998917
2909	G	chr7	147998918
2910	A	chr7	147998919
2911	C	chr7	147998920
2912	T	chr7	147998921
2913	G	chr7	147998922
2914	A	chr7	147998923
2915	A	chr7	147998924
2916	A	chr7	147998925
2917	G	chr7	147998926
2918	G	chr7	147998927
2919	T	chr7	147998928
2920	G	chr7	147998929
2921	G	chr7	147998930
2922	G	chr7	147998931
2923	G	chr7	147998932
2924	C	chr7	147998933
2925	T	chr7	147998934
2926	C	chr7	147998935
2927	T	chr7	147998936
2928	T	chr7	147998937
2929	T	chr7	147998938
2930	T	chr7	147998940
2931	G	chr7	147998941
2932	A	chr7	147998942
2933	G	chr7	147998943
2934	T	chr7	147998944
2935	C	chr7	147998945
2936	A	chr7	147998946
2937	C	chr7	147998947
2938	T	chr7	147998948
2939	G	chr7	147998949
2940	C	chr7	147998950
2941	C	chr7	147998951
2942	A	chr7	147998952
2943	C	chr7	147998953
2944	G	chr7	147998954
2945	A	chr7	147998955
2946	C	chr7	147998956
2947	G	chr7	147998957
2948	G	chr7	147998958
2949	G	chr7	147998959
2950	A	chr7	147998960
2951	G	chr7	147998961
2952	A	chr7	147998962
2953	C	chr7	147998963
2954	C	chr7	147998964
2955	T	chr7	147998965
2956	T	chr7	147998966
2957	T	chr7	147998967
2958	T	chr7	147998968
2959	C	chr7	147998969
2960	T	chr7	147998970
2961	G	chr7	147998971
2962	A	chr7	147998972
2963	G	chr7	147998973
2964	A	chr7	147998974
2965	T	chr7	147998975
2966	A	chr7	147998976
2967	T	chr7	147998977
2968	T	chr7	147998978
2969	T	chr7	147998979
2970	C	chr7	147998980
2971	C	chr7	147998981
2972	T	chr7	147998982
2973	G	chr7	147998983
2974	T	chr7	147998984
2975	C	chr7	147998985
2976	C	chr7	147998986
2977	T	chr7	147998987
2978	T	chr7	147998988
2979	G	chr7	147998989
2980	A	chr7	147998990
2981	T	chr7	147998991
2982	C	chr7	147998992
2983	T	chr7	147998993
2984	C	chr7	147998994
2985	T	chr7	147998995
2986	G	chr7	147998996
2987	T	chr7	147998997
2988	T	chr7	147998998
2989	G	chr7	147998999
2990	G	chr7	147999000
2991	C	chr7	147999001
2992	A	chr7	147999002
2993	G	chr7	147999003
2994	A	chr7	147999004
2995	G	chr7	147999005
2996	A	chr7	147999006
2997	C	chr7	147999007
2998	A	chr7	147999008
2999	C	chr7	147999009
3000	T	chr7	147999010
3001	T	chr7	147999011
3002	T	chr7	147999012
3003	T	chr7	147999013
3004	C	chr7	147999014
3005	T	chr7	147999015
3006	C	chr7	147999016
3007	T	chr7	147999017
3008	G	chr7	147999018
3009	T	chr7	147999019
3010	A	chr7	147999020
3011	C	chr7	147999021
3012	C	chr7	147999022
3013	C	chr7	147999024
3014	T	chr7	147999025
3015	G	chr7	147999026
3016	T	chr7	147999027
3017	C	chr7	147999028
3018	A	chr7	147999029
3019	G	chr7	147999030
3020	C	chr7	147999031
3021	T	chr7	147999032
3022	G	chr7	147999033
3023	T	chr7	147999034
3024	C	chr7	147999035
3025	A	chr7	147999036
3026	C	chr7	147999037
3027	C	chr7	147999039
3028	A	chr7	147999040
3029	C	chr7	147999041
3030	G	chr7	147999043
3031	T	chr7	147999044
3032	C	chr7	147999045
3033	A	chr7	147999047
3034	C	chr7	147999048
3035	T	chr7	147999049
3036	G	chr7	147999050
3037	C	chr7	147999051
3038	A	chr7	147999052
3039	C	chr7	147999053
3040	G	chr7	147999055
3041	C	chr7	147999056
3042	C	chr7	147999058
3043	T	chr7	147999059
3044	T	chr7	147999060
3045	T	chr7	147999061
3046	T	chr7	147999062
3047	T	chr7	147999063
3048	G	chr7	147999064
3049	A	chr7	147999065
3050	C	chr7	147999066
3051	T	chr7	147999067
3052	T	chr7	147999068
3053	T	chr7	147999069
3054	C	chr7	147999070
3055	C	chr7	147999071
3056	G	chr7	147999072
3057	T	chr7	147999073
3058	C	chr7	147999074
3059	T	chr7	147999075
3060	T	chr7	147999076
3061	C	chr7	147999077
3062	C	chr7	147999078
3063	T	chr7	147999079
3064	C	chr7	147999080
3065	T	chr7	147999081
3066	C	chr7	147999082
3067	A	chr7	147999083
3068	C	chr7	147999084
3069	T	chr7	147999085
3070	C	chr7	147999086
3071	T	chr7	147999087
3072	C	chr7	147999088
3073	C	chr7	147999089
3074	C	chr7	147999090
3075	A	chr7	147999091
3076	C	chr7	147999092
3077	T	chr7	147999093
3078	G	chr7	147999094
3079	T	chr7	147999095
3080	T	chr7	147999096
3081	T	chr7	147999097
3082	C	chr7	147999098
3083	C	chr7	147999099
3084	T	chr7	147999100
3085	C	chr7	147999101
3086	G	chr7	147999102
3087	G	chr7	147999103
3088	A	chr7	147999104
3089	G	chr7	147999106
3090	G	chr7	147999107
3091	A	chr7	147999108
3092	A	chr7	147999109
3093	A	chr7	147999110
3094	A	chr7	147999111
3095	T	chr7	147999112
3096	G	chr7	147999113
3097	T	chr7	147999114
3098	C	chr7	147999115
3099	A	chr7	147999116
3100	G	chr7	147999117
3101	C	chr7	147999118
3102	G	chr7	147999119
3103	C	chr7	147999120
3104	C	chr7	147999121
3105	A	chr7	147999122
3106	C	chr7	147999123
3107	A	chr7	147999124
3108	C	chr7	147999125
3109	T	chr7	147999126
3110	T	chr7	147999127
3111	G	chr7	147999128
3112	C	chr7	147999129
3113	T	chr7	147999130
3114	G	chr7	147999131
3115	A	chr7	147999132
3116	G	chr7	147999133
3117	T	chr7	147999134
3118	C	chr7	147999135
3119	T	chr7	147999136
3120	T	chr7	147999137
3121	C	chr7	147999138
3122	T	chr7	147999139
3123	C	chr7	147999140
3124	C	chr7	147999141
3125	T	chr7	147999142
3126	T	chr7	147999143
3127	A	chr7	147999144
3128	A	chr7	147999145
3129	C	chr7	147999146
3130	T	chr7	147999147
3131	C	chr7	147999148
3132	T	chr7	147999149
3133	T	chr7	147999150
3134	C	chr7	147999151
3135	T	chr7	147999152
3136	T	chr7	147999153
3137	G	chr7	147999154
3138	G	chr7	147999155
3139	A	chr7	147999156
3140	A	chr7	147999157
3141	G	chr7	147999158
3142	A	chr7	147999159
3143	A	chr7	147999160
3144	A	chr7	147999161
3145	C	chr7	147999162
3146	G	chr7	147999163
3147	C	chr7	147999164
3148	T	chr7	147999165
3149	T	chr7	147999166
3150	C	chr7	147999167
3151	T	chr7	147999169
3152	G	chr7	147999170
3153	T	chr7	147999171
3154	C	chr7	147999172
3155	C	chr7	147999173
3156	T	chr7	147999174
3157	T	chr7	147999175
3158	C	chr7	147999176
3159	T	chr7	147999177
3160	T	chr7	147999178
3161	T	chr7	147999179
3162	G	chr7	147999180
3163	A	chr7	147999181
3164	T	chr7	147999182
3165	G	chr7	147999183
3166	A	chr7	147999184
3167	A	chr7	147999185
3168	A	chr7	147999186
3169	A	chr7	147999187
3170	G	chr7	147999188
3171	C	chr7	147999189
3172	C	chr7	147999190
3173	T	chr7	147999191
3174	T	chr7	147999192
3175	T	chr7	147999193
3176	G	chr7	147999194
3177	G	chr7	147999195
3178	A	chr7	147999197
3179	C	chr7	147999198
3180	G	chr7	147999202
3181	A	chr7	147999203
3182	T	chr7	147999814
